{"cameraMode":{"drawMode":0,"name":"Shaded","section":"Shading Mode"},"sceneLighting":true,"audioPlay":false,"sceneViewState":{"showFog":false,"showMaterialUpdate":false,"showSkybox":false,"showFlares":false,"showImageEffects":false,"showParticleSystems":false},"in2DMode":false,"pivot":{"x":8.621538162231446,"y":9.798074722290039,"z":-45.27570343017578},"rotation":{"x":-0.17060452699661256,"y":0.8222780823707581,"z":-0.31969740986824038,"w":-0.4388033449649811},"size":26.499176025390626,"orthographic":false}